message,intent
"We need a demo tomorrow, decision will be made by Friday.",hot
"Comparing a few options, please send a comparison sheet.",warm
Ready to sign. Please send the contract today.,hot
"Interested, can you send a brochure?",warm
Wrong number.,cold
Not interested.,cold
Can you share an invoice for the annual plan? We are ready to pay.,hot
Please remove me from your list.,cold
Can you share more details about your features?,warm
Ready to sign. Please send the contract today.,hot
Unsubscribe.,cold
"Comparing a few options, please send a comparison sheet.",warm
What is the price range for a team of 100?,warm
"Comparing a few options, please send a comparison sheet.",warm
Not interested.,cold
Just browsing.,cold
I filled this form by mistake.,cold
We already use another tool and are happy with it.,cold
"We might need this next quarter, please keep in touch.",warm
"Interested, can you send a brochure?",warm
"We might need this next quarter, please keep in touch.",warm
"Student here, just researching for a project.",cold
What is the price range for a team of 25?,hot
No budget for this.,cold
"Need pricing ASAP, we want to buy 25 licenses this week.",hot
Do you have a free trial? Want to explore first.,warm
Unsubscribe.,cold
"Our budget is approved, can we start onboarding on Monday?",hot
Wrong number.,cold
Unsubscribe.,cold
What is the price range for a team of 5?,warm
"We might need this next quarter, please keep in touch.",warm
"Not ready right now, but will buy after our budget review in January.",warm
"Not ready right now, but will buy after our budget review in June.",warm
"Need pricing ASAP, we want to buy 50 licenses this week.",hot
Can you share more details about your features?,warm
What is the price range for a team of 50?,warm
What is the price range for a team of 25?,warm
"We need a demo tomorrow, decision will be made by Friday.",hot
What is the price range for a team of 200?,warm
Please remove me from your list.,cold
Unsubscribe.,cold
"We might need this next quarter, please keep in touch.",warm
Not interested.,cold
Unsubscribe.,cold
We already use another tool and are happy with it.,cold
Wrong number.,cold
Can you share an invoice for the annual plan? We are ready to pay.,hot
Can you share more details about your features?,warm
"Please call me urgently, we want to purchase for 25 users.",hot
Can you share more details about your features?,warm
Just browsing.,cold
We already use another tool and are happy with it.,cold
Just browsing.,cold
"Not ready right now, but will buy after our budget review in October.",warm
We already use another tool and are happy with it.,cold
I filled this form by mistake.,cold
"Not ready right now, but will buy after our budget review in March.",warm
Just browsing.,cold
I filled this form by mistake.,cold
"Ready to buy if price is under 500, otherwise not interested.",warm
I filled this form by mistake.,cold
"Not ready right now, but will buy after our budget review in March.",warm
"Comparing a few options, please send a comparison sheet.",warm
Do you have a free trial? Want to explore first.,warm
"We might need this next quarter, please keep in touch.",warm
"Not ready right now, but will buy after our budget review in October.",warm
I filled this form by mistake.,hot
Can you share more details about your features?,warm
"Interested, can you send a brochure?",warm
"Our budget is approved, can we start onboarding on Monday?",hot
"Management approved, what are the next steps to buy?",hot
I filled this form by mistake.,warm
We already use another tool and are happy with it.,cold
"We might need this next quarter, please keep in touch.",warm
"We are switching from our current vendor this month, need a quote now.",hot
We already use another tool and are happy with it.,cold
Not interested.,cold
Not interested.,cold
Unsubscribe.,cold
Not interested.,cold
"Please call me urgently, we want to purchase for 10 users.",hot
Unsubscribe.,cold
"Student here, just researching for a project.",cold
We already use another tool and are happy with it.,cold
"Management approved, what are the next steps to buy?",hot
"Comparing a few options, please send a comparison sheet.",warm
"Comparing a few options, please send a comparison sheet.",warm
Ready to sign. Please send the contract today.,hot
Can you share more details about your features?,warm
Please remove me from your list.,hot
Do you have a free trial? Want to explore first.,warm
Just browsing.,cold
"Need pricing ASAP, we want to buy 50 licenses this week.",hot
"We are switching from our current vendor this month, need a quote now.",warm
Wrong number.,cold
"Comparing a few options, please send a comparison sheet.",warm
What is the price range for a team of 50?,warm
"Looks interesting, can we schedule a call next week?",warm
"Comparing a few options, please send a comparison sheet.",warm
Please remove me from your list.,cold
What is the price range for a team of 50?,warm
Please remove me from your list.,cold
I filled this form by mistake.,cold
Urgent: please stop calling me.,cold
Do you have a free trial? Want to explore first.,warm
What is the price range for a team of 200?,warm
"Student here, just researching for a project.",cold
"Interested, can you send a brochure?",warm
"We might need this next quarter, please keep in touch.",warm
"Need pricing ASAP, we want to buy 200 licenses this week.",hot
Wrong number.,cold
Do you have a free trial? Want to explore first.,hot
Do you have a free trial? Want to explore first.,warm
We already use another tool and are happy with it.,cold
"Our budget is approved, can we start onboarding on Monday?",hot
"Looks interesting, can we schedule a call next week?",warm
"Comparing a few options, please send a comparison sheet.",warm
"Interested, can you send a brochure?",warm
Wrong number.,cold
"Interested, can you send a brochure?",warm
"Looks interesting, can we schedule a call next week?",warm
(no message),cold
"Need it ASAP? No, just checking prices.",warm
Wrong number.,hot
"Comparing a few options, please send a comparison sheet.",warm
"We are switching from our current vendor this month, need a quote now.",hot
"We need a demo tomorrow, decision will be made by Friday.",hot
Wrong number.,cold
"Looks interesting, can we schedule a call next week?",warm
(no message),cold
"Comparing a few options, please send a comparison sheet.",warm
(no message),cold
(no message),cold
No budget for this.,cold
"Comparing a few options, please send a comparison sheet.",warm
"Comparing a few options, please send a comparison sheet.",warm
"Please call me urgently, we want to purchase for 50 users.",hot
What is the price range for a team of 50?,warm
"Interested, can you send a brochure?",warm
"Comparing a few options, please send a comparison sheet.",warm
"Student here, just researching for a project.",cold
"We need a demo tomorrow, decision will be made by Friday.",hot
"Please call me urgently, we want to purchase for 10 users.",hot
Not interested right now but maybe we'll buy next year.,warm
"Looks interesting, can we schedule a call next week?",warm
Please remove me from your list.,cold
Unsubscribe.,cold
"We are switching from our current vendor this month, need a quote now.",hot
"Need pricing ASAP, we want to buy 50 licenses this week.",hot
"Ready to buy if price is under 500, otherwise not interested.",warm
"Looks interesting, can we schedule a call next week?",warm
Just browsing.,cold
Wrong number.,cold
Just browsing.,cold
Just browsing.,cold
"Not ready right now, but will buy after our budget review in March.",warm
"We need a demo tomorrow, decision will be made by Friday.",hot
What is the price range for a team of 200?,warm
"Not ready right now, but will buy after our budget review in June.",warm
"Comparing a few options, please send a comparison sheet.",warm
I filled this form by mistake.,cold
"Management approved, what are the next steps to buy?",hot
We already use another tool and are happy with it.,cold
"Need pricing ASAP, we want to buy 25 licenses this week.",hot
(no message),cold
"We might need this next quarter, please keep in touch.",warm
Just browsing.,cold
"We might need this next quarter, please keep in touch.",warm
Wrong number.,cold
"Student here, just researching for a project.",cold
"Interested, can you send a brochure?",warm
Unsubscribe.,cold
Please remove me from your list.,cold
"Student here, just researching for a project.",cold
Please remove me from your list.,cold
Unsubscribe.,cold
Do you have a free trial? Want to explore first.,warm
Not interested.,cold
"Looks interesting, can we schedule a call next week?",warm
Unsubscribe.,cold
"Ready to buy if price is under 500, otherwise not interested.",warm
"Looks interesting, can we schedule a call next week?",warm
"We are switching from our current vendor this month, need a quote now.",hot
"Student here, just researching for a project.",cold
(no message),cold
"Comparing a few options, please send a comparison sheet.",hot
I filled this form by mistake.,cold
Do you have a free trial? Want to explore first.,warm
"We might need this next quarter, please keep in touch.",warm
"We might need this next quarter, please keep in touch.",warm
Wrong number.,cold
"We need a demo tomorrow, decision will be made by Friday.",hot
"Please call me urgently, we want to purchase for 5 users.",hot
I filled this form by mistake.,cold
"Not ready right now, but will buy after our budget review in October.",warm
(no message),cold
Unsubscribe.,cold
Wrong number.,cold
"We need a demo tomorrow, decision will be made by Friday.",cold
Please remove me from your list.,cold
"Looks interesting, can we schedule a call next week?",warm
Wrong number.,cold
We already use another tool and are happy with it.,cold
Wrong number.,cold
Do you have a free trial? Want to explore first.,warm
"Not ready right now, but will buy after our budget review in January.",warm
Can you share more details about your features?,warm
"Interested, can you send a brochure?",warm
I filled this form by mistake.,cold
No budget for this.,cold
Unsubscribe.,cold
Wrong number.,cold
Wrong number.,cold
"We need a demo tomorrow, decision will be made by Friday.",hot
Unsubscribe.,cold
Can you share more details about your features?,warm
Please remove me from your list.,cold
"Ready to buy if price is under 500, otherwise not interested.",warm
"Please call me urgently, we want to purchase for 200 users.",hot
No budget for this.,cold
"Interested, can you send a brochure?",warm
(no message),cold
I filled this form by mistake.,cold
"Not ready right now, but will buy after our budget review in January.",warm
"Need pricing ASAP, we want to buy 25 licenses this week.",hot
Just browsing.,cold
We already use another tool and are happy with it.,cold
(no message),cold
Unsubscribe.,cold
"Student here, just researching for a project.",cold
"Please call me urgently, we want to purchase for 5 users.",hot
"Student here, just researching for a project.",cold
"Need it ASAP? No, just checking prices.",warm
What is the price range for a team of 200?,warm
"Comparing a few options, please send a comparison sheet.",warm
Just browsing.,cold
"Need pricing ASAP, we want to buy 100 licenses this week.",hot
(no message),cold
What is the price range for a team of 50?,warm
I filled this form by mistake.,cold
"Not ready right now, but will buy after our budget review in January.",warm
"We might need this next quarter, please keep in touch.",warm
What is the price range for a team of 10?,hot
"Not ready right now, but will buy after our budget review in March.",warm
Urgent: please stop calling me.,cold
(no message),cold
No budget for this.,cold
(no message),cold
"Looks interesting, can we schedule a call next week?",warm
"Please call me urgently, we want to purchase for 200 users.",hot
Do you have a free trial? Want to explore first.,warm
"Our budget is approved, can we start onboarding on Monday?",hot
No budget for this.,cold
Unsubscribe.,cold
We already use another tool and are happy with it.,cold
Not interested.,cold
Wrong number.,cold
"Interested, can you send a brochure?",warm
(no message),cold
"Not ready right now, but will buy after our budget review in October.",warm
Just browsing.,cold
What is the price range for a team of 100?,warm
"Not ready right now, but will buy after our budget review in March.",warm
Just browsing.,cold
I filled this form by mistake.,cold
I filled this form by mistake.,cold
We already use another tool and are happy with it.,cold
"We might need this next quarter, please keep in touch.",warm
"Not ready right now, but will buy after our budget review in October.",warm
(no message),cold
What is the price range for a team of 10?,warm
"Student here, just researching for a project.",cold
Just browsing.,cold
"Not ready right now, but will buy after our budget review in June.",warm
"We are switching from our current vendor this month, need a quote now.",hot
"Comparing a few options, please send a comparison sheet.",warm
"Looks interesting, can we schedule a call next week?",cold
Unsubscribe.,cold
Please remove me from your list.,cold
"Student here, just researching for a project.",cold
Can you share more details about your features?,warm
What is the price range for a team of 100?,warm
Not interested right now but maybe we'll buy next year.,warm
I filled this form by mistake.,cold
"Management approved, what are the next steps to buy?",hot
"Not ready right now, but will buy after our budget review in October.",warm
"Not ready right now, but will buy after our budget review in October.",warm
Not interested.,cold
We already use another tool and are happy with it.,cold
"Our budget is approved, can we start onboarding on Monday?",hot
Unsubscribe.,cold
No budget for this.,cold
"Looks interesting, can we schedule a call next week?",warm
Not interested.,cold
Can you share an invoice for the annual plan? We are ready to pay.,hot
"Comparing a few options, please send a comparison sheet.",warm
I filled this form by mistake.,cold
We already use another tool and are happy with it.,cold
"Student here, just researching for a project.",cold
Wrong number.,cold
What is the price range for a team of 5?,warm
Can you share an invoice for the annual plan? We are ready to pay.,hot
Can you share an invoice for the annual plan? We are ready to pay.,hot
What is the price range for a team of 5?,warm
Just browsing.,cold
(no message),cold
I filled this form by mistake.,cold
"Looks interesting, can we schedule a call next week?",warm
(no message),cold
Please remove me from your list.,cold
Can you share more details about your features?,warm
"Management approved, what are the next steps to buy?",hot
"Management approved, what are the next steps to buy?",hot
"We are switching from our current vendor this month, need a quote now.",hot
"Our budget is approved, can we start onboarding on Monday?",hot
What is the price range for a team of 200?,warm
"Student here, just researching for a project.",cold
Wrong number.,cold
"Need pricing ASAP, we want to buy 100 licenses this week.",hot
"Need it ASAP? No, just checking prices.",warm
"We need a demo tomorrow, decision will be made by Friday.",hot
"We need a demo tomorrow, decision will be made by Friday.",hot
Please remove me from your list.,cold
Unsubscribe.,cold
"Not ready right now, but will buy after our budget review in January.",warm
I filled this form by mistake.,cold
"Interested, can you send a brochure?",warm
"Not ready right now, but will buy after our budget review in June.",warm
Do you have a free trial? Want to explore first.,warm
Unsubscribe.,cold
I filled this form by mistake.,cold
"Student here, just researching for a project.",hot
"Need pricing ASAP, we want to buy 5 licenses this week.",hot
Please remove me from your list.,cold
Do you have a free trial? Want to explore first.,warm
Not interested.,cold
We already use another tool and are happy with it.,cold
Please remove me from your list.,cold
"Management approved, what are the next steps to buy?",hot
Can you share an invoice for the annual plan? We are ready to pay.,hot
(no message),cold
"Management approved, what are the next steps to buy?",hot
"Student here, just researching for a project.",cold
I filled this form by mistake.,cold
We already use another tool and are happy with it.,cold
Can you share more details about your features?,warm
Urgent: please stop calling me.,cold
"Our budget is approved, can we start onboarding on Monday?",hot
No budget for this.,cold
Can you share more details about your features?,warm
We already use another tool and are happy with it.,cold
Do you have a free trial? Want to explore first.,warm
Please remove me from your list.,warm
(no message),cold
Unsubscribe.,cold
"Need pricing ASAP, we want to buy 5 licenses this week.",hot
Do you have a free trial? Want to explore first.,warm
Wrong number.,cold
Can you share more details about your features?,warm
"Please call me urgently, we want to purchase for 100 users.",hot
Wrong number.,cold
Can you share an invoice for the annual plan? We are ready to pay.,hot
(no message),cold
Ready to sign. Please send the contract today.,hot
"Interested, can you send a brochure?",warm
What is the price range for a team of 5?,warm
I filled this form by mistake.,cold
I filled this form by mistake.,cold
Please remove me from your list.,cold
Unsubscribe.,cold
"Our budget is approved, can we start onboarding on Monday?",hot
What is the price range for a team of 10?,warm
"Comparing a few options, please send a comparison sheet.",cold
"Looks interesting, can we schedule a call next week?",warm
Can you share an invoice for the annual plan? We are ready to pay.,hot
Wrong number.,cold
Please remove me from your list.,cold
"Not ready right now, but will buy after our budget review in October.",warm
"Comparing a few options, please send a comparison sheet.",warm
"Our CEO said no, but I personally want a demo.",warm
(no message),cold
Can you share more details about your features?,warm
Can you share more details about your features?,warm
"Comparing a few options, please send a comparison sheet.",warm
No budget for this.,cold
Unsubscribe.,cold
(no message),cold
Can you share an invoice for the annual plan? We are ready to pay.,hot
"We are switching from our current vendor this month, need a quote now.",hot
"We might need this next quarter, please keep in touch.",warm
No budget for this.,cold
"Looks interesting, can we schedule a call next week?",warm
No budget for this.,cold
We already use another tool and are happy with it.,cold
Please remove me from your list.,cold
"We might need this next quarter, please keep in touch.",warm
Unsubscribe.,cold
We already use another tool and are happy with it.,cold
Can you share more details about your features?,warm
Wrong number.,cold
"Comparing a few options, please send a comparison sheet.",warm
Just browsing.,cold
Unsubscribe.,cold
"Our CEO said no, but I personally want a demo.",warm
Just browsing.,cold
Wrong number.,cold
Please remove me from your list.,cold
No budget for this.,cold
We already use another tool and are happy with it.,cold
"Management approved, what are the next steps to buy?",hot
"Looks interesting, can we schedule a call next week?",warm
"Looks interesting, can we schedule a call next week?",warm
"Ready to buy if price is under 500, otherwise not interested.",warm
I filled this form by mistake.,cold
"Need it ASAP? No, just checking prices.",warm
(no message),cold
"Management approved, what are the next steps to buy?",hot
No budget for this.,cold
"Comparing a few options, please send a comparison sheet.",warm
"We might need this next quarter, please keep in touch.",warm
Wrong number.,cold
Unsubscribe.,cold
(no message),cold
Urgent: please stop calling me.,cold
"Not ready right now, but will buy after our budget review in January.",warm
Wrong number.,cold
Wrong number.,cold
"We need a demo tomorrow, decision will be made by Friday.",hot
Just browsing.,cold
Wrong number.,cold
"Need pricing ASAP, we want to buy 200 licenses this week.",hot
Not interested.,cold
Unsubscribe.,cold
No budget for this.,cold
Please remove me from your list.,cold
"Looks interesting, can we schedule a call next week?",warm
Please remove me from your list.,cold
Not interested.,cold
"Not ready right now, but will buy after our budget review in October.",warm
"Interested, can you send a brochure?",warm
Just browsing.,cold
I filled this form by mistake.,cold
Urgent: please stop calling me.,cold
Just browsing.,warm
"Student here, just researching for a project.",cold
"Comparing a few options, please send a comparison sheet.",warm
"Not ready right now, but will buy after our budget review in March.",warm
"Please call me urgently, we want to purchase for 10 users.",hot
Unsubscribe.,cold
Just browsing.,cold
No budget for this.,cold
We already use another tool and are happy with it.,cold
Just browsing.,cold
Wrong number.,cold
"We might need this next quarter, please keep in touch.",warm
I filled this form by mistake.,cold
I filled this form by mistake.,cold
"Student here, just researching for a project.",cold
Wrong number.,cold
"Not ready right now, but will buy after our budget review in October.",warm
Please remove me from your list.,cold
"Not ready right now, but will buy after our budget review in March.",warm
"Interested, can you send a brochure?",warm
What is the price range for a team of 5?,warm
What is the price range for a team of 25?,warm
"Student here, just researching for a project.",cold
Wrong number.,cold
(no message),hot
"Not ready right now, but will buy after our budget review in October.",warm
Not interested.,cold
Please remove me from your list.,cold
Please remove me from your list.,cold
(no message),cold
Not interested.,cold
What is the price range for a team of 10?,warm
"Interested, can you send a brochure?",warm
"Looks interesting, can we schedule a call next week?",warm
"Looks interesting, can we schedule a call next week?",warm
"Interested, can you send a brochure?",warm
Do you have a free trial? Want to explore first.,warm
(no message),cold
(no message),cold
Unsubscribe.,cold
(no message),cold
"Student here, just researching for a project.",cold
"Comparing a few options, please send a comparison sheet.",warm
Just browsing.,cold
"We might need this next quarter, please keep in touch.",warm
I filled this form by mistake.,cold
"Looks interesting, can we schedule a call next week?",warm
What is the price range for a team of 100?,warm
"Not ready right now, but will buy after our budget review in June.",hot
Unsubscribe.,cold
We already use another tool and are happy with it.,cold
Unsubscribe.,cold
"Interested, can you send a brochure?",warm
"Interested, can you send a brochure?",warm
"We might need this next quarter, please keep in touch.",warm
Unsubscribe.,cold
"Need pricing ASAP, we want to buy 200 licenses this week.",hot
Please remove me from your list.,cold
I filled this form by mistake.,cold
"Interested, can you send a brochure?",warm
"Please call me urgently, we want to purchase for 5 users.",hot
Do you have a free trial? Want to explore first.,warm
Can you share more details about your features?,warm
What is the price range for a team of 10?,warm
Not interested.,cold
No budget for this.,cold
Can you share more details about your features?,warm
I filled this form by mistake.,cold
Just browsing.,cold
We already use another tool and are happy with it.,cold
Do you have a free trial? Want to explore first.,warm
No budget for this.,cold
Not interested.,cold
"Looks interesting, can we schedule a call next week?",warm
I filled this form by mistake.,cold
"Student here, just researching for a project.",cold
Please remove me from your list.,cold
I filled this form by mistake.,cold
Wrong number.,cold
Just browsing.,cold
"Interested, can you send a brochure?",warm
"Comparing a few options, please send a comparison sheet.",warm
Ready to sign. Please send the contract today.,hot
"Interested, can you send a brochure?",warm
"Student here, just researching for a project.",cold
"Interested, can you send a brochure?",warm
Not interested.,cold
What is the price range for a team of 200?,warm
We already use another tool and are happy with it.,cold
"We might need this next quarter, please keep in touch.",warm
"Ready to buy if price is under 500, otherwise not interested.",warm
"Not ready right now, but will buy after our budget review in March.",warm
No budget for this.,cold
"Ready to buy if price is under 500, otherwise not interested.",warm
"Looks interesting, can we schedule a call next week?",warm
"Please call me urgently, we want to purchase for 25 users.",hot
Please remove me from your list.,cold
Not interested.,cold
Do you have a free trial? Want to explore first.,warm
Just browsing.,cold
"Student here, just researching for a project.",cold
No budget for this.,cold
Ready to sign. Please send the contract today.,hot
Can you share more details about your features?,warm
Do you have a free trial? Want to explore first.,warm
Unsubscribe.,cold
Can you share more details about your features?,warm
"Looks interesting, can we schedule a call next week?",warm
No budget for this.,warm
"Our budget is approved, can we start onboarding on Monday?",hot
"Student here, just researching for a project.",cold
We already use another tool and are happy with it.,cold
"Our budget is approved, can we start onboarding on Monday?",hot
"We might need this next quarter, please keep in touch.",warm
"Interested, can you send a brochure?",warm
Not interested.,cold
No budget for this.,cold
"We need a demo tomorrow, decision will be made by Friday.",hot
We already use another tool and are happy with it.,cold
Do you have a free trial? Want to explore first.,warm
Can you share more details about your features?,warm
Not interested.,cold
We already use another tool and are happy with it.,cold
"Interested, can you send a brochure?",warm
"Not ready right now, but will buy after our budget review in March.",warm
Please remove me from your list.,cold
I filled this form by mistake.,cold
(no message),cold
Just browsing.,cold
"Not ready right now, but will buy after our budget review in March.",warm
(no message),cold
What is the price range for a team of 100?,warm
"Not ready right now, but will buy after our budget review in June.",warm
Just browsing.,cold
Just browsing.,cold
Unsubscribe.,cold
Do you have a free trial? Want to explore first.,warm
Unsubscribe.,cold
I filled this form by mistake.,cold
"We might need this next quarter, please keep in touch.",warm
Do you have a free trial? Want to explore first.,warm
"Management approved, what are the next steps to buy?",hot
Do you have a free trial? Want to explore first.,warm
"Our budget is approved, can we start onboarding on Monday?",hot
No budget for this.,cold
"Please call me urgently, we want to purchase for 10 users.",hot
Please remove me from your list.,cold
We already use another tool and are happy with it.,cold
No budget for this.,cold
"Management approved, what are the next steps to buy?",hot
Not interested.,cold
"We are switching from our current vendor this month, need a quote now.",hot
"Not ready right now, but will buy after our budget review in June.",warm
Ready to sign. Please send the contract today.,hot
"Student here, just researching for a project.",cold
What is the price range for a team of 100?,warm
"We are switching from our current vendor this month, need a quote now.",hot
Just browsing.,cold
"Interested, can you send a brochure?",warm
"Comparing a few options, please send a comparison sheet.",warm
Can you share more details about your features?,warm
Can you share more details about your features?,warm
Do you have a free trial? Want to explore first.,warm
Wrong number.,cold
"Student here, just researching for a project.",cold
"Student here, just researching for a project.",cold
"Looks interesting, can we schedule a call next week?",warm
Not interested.,cold
Urgent: please stop calling me.,cold
What is the price range for a team of 100?,warm
"Comparing a few options, please send a comparison sheet.",warm
"Looks interesting, can we schedule a call next week?",warm
Wrong number.,warm
"Looks interesting, can we schedule a call next week?",warm
"Ready to buy if price is under 500, otherwise not interested.",warm
"We need a demo tomorrow, decision will be made by Friday.",hot
What is the price range for a team of 100?,warm
"Management approved, what are the next steps to buy?",hot
I filled this form by mistake.,cold
Can you share more details about your features?,warm
Wrong number.,cold
(no message),cold
Do you have a free trial? Want to explore first.,warm
I filled this form by mistake.,cold
Can you share an invoice for the annual plan? We are ready to pay.,hot
"We are switching from our current vendor this month, need a quote now.",hot
Wrong number.,cold
"Interested, can you send a brochure?",warm
Please remove me from your list.,cold
"Looks interesting, can we schedule a call next week?",warm
Not interested.,hot
What is the price range for a team of 25?,warm
Can you share an invoice for the annual plan? We are ready to pay.,hot
"Looks interesting, can we schedule a call next week?",warm
Just browsing.,cold
"Need it ASAP? No, just checking prices.",warm
Do you have a free trial? Want to explore first.,warm
"Not ready right now, but will buy after our budget review in June.",warm
"Comparing a few options, please send a comparison sheet.",warm
"Interested, can you send a brochure?",warm
No budget for this.,cold
Please remove me from your list.,cold
We already use another tool and are happy with it.,cold
"We might need this next quarter, please keep in touch.",warm
Not interested.,cold
"We need a demo tomorrow, decision will be made by Friday.",hot
"Student here, just researching for a project.",cold
Unsubscribe.,cold
"Student here, just researching for a project.",cold
Ready to sign. Please send the contract today.,hot
Unsubscribe.,cold
"Not ready right now, but will buy after our budget review in January.",warm
"Our budget is approved, can we start onboarding on Monday?",hot
We already use another tool and are happy with it.,cold
"Looks interesting, can we schedule a call next week?",warm
"Our budget is approved, can we start onboarding on Monday?",hot
I filled this form by mistake.,cold
I filled this form by mistake.,cold
(no message),cold
(no message),cold
"Comparing a few options, please send a comparison sheet.",warm
Not interested.,cold
"Student here, just researching for a project.",cold
Wrong number.,cold
"Ready to buy if price is under 500, otherwise not interested.",warm
"Not ready right now, but will buy after our budget review in March.",warm
Not interested right now but maybe we'll buy next year.,warm
No budget for this.,cold
"Student here, just researching for a project.",cold
"We need a demo tomorrow, decision will be made by Friday.",hot
Do you have a free trial? Want to explore first.,warm
Not interested.,cold
We already use another tool and are happy with it.,cold
"We might need this next quarter, please keep in touch.",warm
Just browsing.,cold
"Student here, just researching for a project.",cold
Just browsing.,cold
"Student here, just researching for a project.",cold
We already use another tool and are happy with it.,cold
"Our budget is approved, can we start onboarding on Monday?",hot
"Need pricing ASAP, we want to buy 50 licenses this week.",hot
"Management approved, what are the next steps to buy?",hot
Wrong number.,cold
Do you have a free trial? Want to explore first.,hot
Unsubscribe.,cold
Just browsing.,cold
We already use another tool and are happy with it.,cold
Just browsing.,cold
"Student here, just researching for a project.",cold
"Management approved, what are the next steps to buy?",hot
"We are switching from our current vendor this month, need a quote now.",hot
Can you share an invoice for the annual plan? We are ready to pay.,hot
"Not ready right now, but will buy after our budget review in June.",warm
"Need pricing ASAP, we want to buy 200 licenses this week.",cold
"Comparing a few options, please send a comparison sheet.",warm
(no message),cold
"Our CEO said no, but I personally want a demo.",warm
Do you have a free trial? Want to explore first.,warm
We already use another tool and are happy with it.,cold
"We need a demo tomorrow, decision will be made by Friday.",hot
Please remove me from your list.,cold
Wrong number.,cold
"Student here, just researching for a project.",cold
Not interested.,cold
"Student here, just researching for a project.",cold
We already use another tool and are happy with it.,cold
Unsubscribe.,cold
Wrong number.,cold
"Looks interesting, can we schedule a call next week?",warm
Urgent: please stop calling me.,cold
What is the price range for a team of 50?,warm
We already use another tool and are happy with it.,cold
What is the price range for a team of 10?,warm
"Not ready right now, but will buy after our budget review in October.",warm
"Comparing a few options, please send a comparison sheet.",warm
I filled this form by mistake.,cold
Do you have a free trial? Want to explore first.,warm
Not interested.,cold
"Interested, can you send a brochure?",warm
I filled this form by mistake.,cold
(no message),cold
"Looks interesting, can we schedule a call next week?",warm
What is the price range for a team of 50?,warm
I filled this form by mistake.,cold
I filled this form by mistake.,cold
"Need pricing ASAP, we want to buy 200 licenses this week.",hot
Just browsing.,warm
(no message),cold
(no message),cold
"Comparing a few options, please send a comparison sheet.",warm
"We need a demo tomorrow, decision will be made by Friday.",hot
Ready to sign. Please send the contract today.,hot
We already use another tool and are happy with it.,cold
Ready to sign. Please send the contract today.,hot
"Student here, just researching for a project.",cold
Please remove me from your list.,cold
"Interested, can you send a brochure?",warm
I filled this form by mistake.,cold
"Not ready right now, but will buy after our budget review in March.",warm
"Looks interesting, can we schedule a call next week?",warm
Not interested.,cold
What is the price range for a team of 5?,warm
Wrong number.,cold
Wrong number.,cold
Do you have a free trial? Want to explore first.,warm
Can you share more details about your features?,warm
"Looks interesting, can we schedule a call next week?",warm
Not interested.,cold
"We might need this next quarter, please keep in touch.",warm
No budget for this.,cold
Wrong number.,cold
"Looks interesting, can we schedule a call next week?",warm
"We are switching from our current vendor this month, need a quote now.",hot
Please remove me from your list.,cold
"Please call me urgently, we want to purchase for 25 users.",hot
"Interested, can you send a brochure?",warm
Wrong number.,cold
Please remove me from your list.,cold
"Looks interesting, can we schedule a call next week?",warm
(no message),cold
Urgent: please stop calling me.,cold
(no message),cold
Can you share more details about your features?,warm
Can you share an invoice for the annual plan? We are ready to pay.,hot
Do you have a free trial? Want to explore first.,warm
Not interested.,cold
"Ready to buy if price is under 500, otherwise not interested.",warm
Unsubscribe.,cold
"Comparing a few options, please send a comparison sheet.",warm
"We need a demo tomorrow, decision will be made by Friday.",hot
Unsubscribe.,hot
No budget for this.,cold
Please remove me from your list.,cold
"Our CEO said no, but I personally want a demo.",warm
"We need a demo tomorrow, decision will be made by Friday.",hot
Please remove me from your list.,cold
"Our budget is approved, can we start onboarding on Monday?",hot
"We are switching from our current vendor this month, need a quote now.",hot
Can you share an invoice for the annual plan? We are ready to pay.,hot
"Not ready right now, but will buy after our budget review in March.",warm
Not interested.,cold
We already use another tool and are happy with it.,cold
I filled this form by mistake.,cold
Do you have a free trial? Want to explore first.,warm
Unsubscribe.,cold
We already use another tool and are happy with it.,cold
What is the price range for a team of 25?,warm
Unsubscribe.,cold
"Please call me urgently, we want to purchase for 10 users.",hot
"Not ready right now, but will buy after our budget review in January.",warm
"Ready to buy if price is under 500, otherwise not interested.",warm
Just browsing.,cold
Not interested.,cold
Just browsing.,cold
Not interested right now but maybe we'll buy next year.,warm
Not interested.,cold
Just browsing.,cold
"Student here, just researching for a project.",cold
Not interested right now but maybe we'll buy next year.,warm
Can you share more details about your features?,warm
(no message),cold
"Comparing a few options, please send a comparison sheet.",warm
"Management approved, what are the next steps to buy?",warm
"Looks interesting, can we schedule a call next week?",warm
Unsubscribe.,cold
"Need pricing ASAP, we want to buy 5 licenses this week.",hot
"Please call me urgently, we want to purchase for 100 users.",hot
Wrong number.,cold
"We might need this next quarter, please keep in touch.",warm
I filled this form by mistake.,cold
We already use another tool and are happy with it.,cold
Unsubscribe.,cold
(no message),cold
"Comparing a few options, please send a comparison sheet.",warm
"Not ready right now, but will buy after our budget review in October.",warm
"Student here, just researching for a project.",cold
Wrong number.,cold
Please remove me from your list.,cold
No budget for this.,cold
"Our budget is approved, can we start onboarding on Monday?",hot
Can you share more details about your features?,warm
"Looks interesting, can we schedule a call next week?",warm
"Not ready right now, but will buy after our budget review in October.",warm
Do you have a free trial? Want to explore first.,warm
Wrong number.,cold
Do you have a free trial? Want to explore first.,warm
I filled this form by mistake.,cold
"Interested, can you send a brochure?",warm
What is the price range for a team of 100?,warm
"Interested, can you send a brochure?",warm
"Student here, just researching for a project.",cold
Can you share an invoice for the annual plan? We are ready to pay.,warm
Just browsing.,cold
"Management approved, what are the next steps to buy?",hot
"Looks interesting, can we schedule a call next week?",warm
I filled this form by mistake.,cold
"Interested, can you send a brochure?",warm
"Comparing a few options, please send a comparison sheet.",warm
What is the price range for a team of 10?,warm
"Student here, just researching for a project.",cold
"Not ready right now, but will buy after our budget review in January.",warm
Just browsing.,cold
"Interested, can you send a brochure?",warm
Do you have a free trial? Want to explore first.,warm
(no message),cold
Can you share more details about your features?,warm
Just browsing.,cold
Just browsing.,cold
"Need it ASAP? No, just checking prices.",warm
"Looks interesting, can we schedule a call next week?",warm
Ready to sign. Please send the contract today.,hot
No budget for this.,cold
"Interested, can you send a brochure?",cold
No budget for this.,cold
Unsubscribe.,cold
Can you share more details about your features?,warm
"We might need this next quarter, please keep in touch.",warm
Can you share more details about your features?,cold
No budget for this.,cold
"Student here, just researching for a project.",cold
"Ready to buy if price is under 500, otherwise not interested.",warm
Please remove me from your list.,cold
Just browsing.,cold
Not interested right now but maybe we'll buy next year.,warm
"We might need this next quarter, please keep in touch.",warm
"Not ready right now, but will buy after our budget review in March.",warm
Can you share an invoice for the annual plan? We are ready to pay.,hot
Do you have a free trial? Want to explore first.,warm
"Comparing a few options, please send a comparison sheet.",warm
No budget for this.,cold
Can you share an invoice for the annual plan? We are ready to pay.,hot
"We might need this next quarter, please keep in touch.",warm
Please remove me from your list.,cold
"Looks interesting, can we schedule a call next week?",warm
We already use another tool and are happy with it.,cold
Ready to sign. Please send the contract today.,hot
No budget for this.,cold
"Need it ASAP? No, just checking prices.",warm
I filled this form by mistake.,cold
"Looks interesting, can we schedule a call next week?",warm
What is the price range for a team of 200?,warm
"We might need this next quarter, please keep in touch.",warm
Not interested right now but maybe we'll buy next year.,warm
"Looks interesting, can we schedule a call next week?",warm
Not interested.,cold
Ready to sign. Please send the contract today.,hot
"We need a demo tomorrow, decision will be made by Friday.",hot
"Not ready right now, but will buy after our budget review in June.",warm
Just browsing.,cold
"Looks interesting, can we schedule a call next week?",warm
Unsubscribe.,cold
"We might need this next quarter, please keep in touch.",warm
Please remove me from your list.,cold
Just browsing.,cold
Can you share more details about your features?,warm
"Need it ASAP? No, just checking prices.",warm
Unsubscribe.,warm
"Need pricing ASAP, we want to buy 5 licenses this week.",hot
"Interested, can you send a brochure?",warm
Can you share more details about your features?,warm
(no message),cold
Please remove me from your list.,cold
Wrong number.,cold
We already use another tool and are happy with it.,cold
Unsubscribe.,cold
"Looks interesting, can we schedule a call next week?",warm
Wrong number.,cold
I filled this form by mistake.,cold
Please remove me from your list.,cold
Do you have a free trial? Want to explore first.,warm
Just browsing.,cold
"Looks interesting, can we schedule a call next week?",warm
Not interested.,cold
Can you share more details about your features?,warm
"Need pricing ASAP, we want to buy 25 licenses this week.",hot
"Management approved, what are the next steps to buy?",hot
I filled this form by mistake.,cold
Do you have a free trial? Want to explore first.,warm
Wrong number.,cold
Can you share an invoice for the annual plan? We are ready to pay.,hot
"We are switching from our current vendor this month, need a quote now.",hot
"Our budget is approved, can we start onboarding on Monday?",hot
Urgent: please stop calling me.,cold
"Looks interesting, can we schedule a call next week?",warm
Do you have a free trial? Want to explore first.,warm
Can you share more details about your features?,warm
We already use another tool and are happy with it.,cold
What is the price range for a team of 50?,warm
Wrong number.,cold
"Not ready right now, but will buy after our budget review in January.",warm
Just browsing.,cold
"Interested, can you send a brochure?",warm
"Our budget is approved, can we start onboarding on Monday?",hot
"We might need this next quarter, please keep in touch.",warm
Can you share an invoice for the annual plan? We are ready to pay.,hot
Please remove me from your list.,cold
Just browsing.,cold
"Comparing a few options, please send a comparison sheet.",warm
"Looks interesting, can we schedule a call next week?",warm
Please remove me from your list.,cold
Unsubscribe.,cold
"Interested, can you send a brochure?",warm
"We need a demo tomorrow, decision will be made by Friday.",hot
"Interested, can you send a brochure?",warm
"Comparing a few options, please send a comparison sheet.",warm
"Not ready right now, but will buy after our budget review in October.",warm
Unsubscribe.,cold
"Interested, can you send a brochure?",warm
(no message),cold
"Our budget is approved, can we start onboarding on Monday?",hot
"We need a demo tomorrow, decision will be made by Friday.",hot
"We are switching from our current vendor this month, need a quote now.",hot
I filled this form by mistake.,cold
Can you share an invoice for the annual plan? We are ready to pay.,hot
"Not ready right now, but will buy after our budget review in October.",warm
No budget for this.,hot
What is the price range for a team of 10?,warm
Just browsing.,cold
Do you have a free trial? Want to explore first.,warm
Can you share an invoice for the annual plan? We are ready to pay.,hot
"Interested, can you send a brochure?",warm
Just browsing.,cold
"Our CEO said no, but I personally want a demo.",warm
Just browsing.,cold
"Student here, just researching for a project.",cold
"Please call me urgently, we want to purchase for 10 users.",hot
Not interested.,cold
Can you share an invoice for the annual plan? We are ready to pay.,hot
"We need a demo tomorrow, decision will be made by Friday.",hot
What is the price range for a team of 25?,warm
"We might need this next quarter, please keep in touch.",warm
"Our CEO said no, but I personally want a demo.",warm
Not interested.,cold
"Need pricing ASAP, we want to buy 200 licenses this week.",hot
"Looks interesting, can we schedule a call next week?",warm
"We need a demo tomorrow, decision will be made by Friday.",hot
(no message),cold
Can you share more details about your features?,warm
"Comparing a few options, please send a comparison sheet.",warm
Not interested.,cold
(no message),cold
"Student here, just researching for a project.",cold
"Looks interesting, can we schedule a call next week?",warm
What is the price range for a team of 25?,warm
No budget for this.,cold
"We are switching from our current vendor this month, need a quote now.",hot
Can you share more details about your features?,warm
Can you share more details about your features?,warm
"Comparing a few options, please send a comparison sheet.",warm
Just browsing.,cold
"Management approved, what are the next steps to buy?",hot
"Student here, just researching for a project.",cold
"Student here, just researching for a project.",cold
Just browsing.,cold
"Interested, can you send a brochure?",warm
Not interested.,cold
"Looks interesting, can we schedule a call next week?",warm
"Comparing a few options, please send a comparison sheet.",warm
"We might need this next quarter, please keep in touch.",warm
"Looks interesting, can we schedule a call next week?",warm
"We are switching from our current vendor this month, need a quote now.",hot
What is the price range for a team of 10?,warm
Not interested.,cold
"Need pricing ASAP, we want to buy 10 licenses this week.",hot
We already use another tool and are happy with it.,cold
What is the price range for a team of 5?,warm
"Please call me urgently, we want to purchase for 25 users.",hot
We already use another tool and are happy with it.,cold
Please remove me from your list.,warm
I filled this form by mistake.,cold
Wrong number.,cold
I filled this form by mistake.,cold
"Student here, just researching for a project.",cold
Can you share an invoice for the annual plan? We are ready to pay.,hot
No budget for this.,cold
Unsubscribe.,cold
Please remove me from your list.,cold
"Student here, just researching for a project.",cold
Unsubscribe.,cold
Wrong number.,cold
Wrong number.,cold
No budget for this.,cold
"Not ready right now, but will buy after our budget review in March.",warm
"Our budget is approved, can we start onboarding on Monday?",hot
"Comparing a few options, please send a comparison sheet.",warm
"Looks interesting, can we schedule a call next week?",warm
I filled this form by mistake.,cold
No budget for this.,cold
"Our budget is approved, can we start onboarding on Monday?",hot
I filled this form by mistake.,cold
Ready to sign. Please send the contract today.,hot
Not interested.,cold
What is the price range for a team of 100?,warm
"Ready to buy if price is under 500, otherwise not interested.",warm
Unsubscribe.,cold
Please remove me from your list.,cold
No budget for this.,cold
"We might need this next quarter, please keep in touch.",warm
"Interested, can you send a brochure?",warm
Unsubscribe.,cold
"We might need this next quarter, please keep in touch.",warm
"Please call me urgently, we want to purchase for 100 users.",hot
"Student here, just researching for a project.",cold
Do you have a free trial? Want to explore first.,warm
"Please call me urgently, we want to purchase for 50 users.",hot
"Our budget is approved, can we start onboarding on Monday?",hot
I filled this form by mistake.,cold
Wrong number.,cold
"Not ready right now, but will buy after our budget review in October.",warm
Do you have a free trial? Want to explore first.,warm
Not interested.,cold
Not interested.,cold
Wrong number.,cold
We already use another tool and are happy with it.,cold
Just browsing.,cold
"Need it ASAP? No, just checking prices.",warm
"Need pricing ASAP, we want to buy 25 licenses this week.",hot
We already use another tool and are happy with it.,cold
What is the price range for a team of 200?,warm
Wrong number.,cold
Wrong number.,cold
Can you share more details about your features?,warm
Just browsing.,cold
Unsubscribe.,cold
"Management approved, what are the next steps to buy?",hot
"Student here, just researching for a project.",cold
Wrong number.,cold
"We need a demo tomorrow, decision will be made by Friday.",hot
(no message),cold
Do you have a free trial? Want to explore first.,warm
"Please call me urgently, we want to purchase for 25 users.",hot
No budget for this.,cold
Ready to sign. Please send the contract today.,hot
We already use another tool and are happy with it.,cold
Wrong number.,cold
Unsubscribe.,cold
I filled this form by mistake.,cold
"Looks interesting, can we schedule a call next week?",warm
We already use another tool and are happy with it.,cold
We already use another tool and are happy with it.,cold
"Student here, just researching for a project.",cold
Wrong number.,cold
"We might need this next quarter, please keep in touch.",warm
"Please call me urgently, we want to purchase for 5 users.",hot
"Please call me urgently, we want to purchase for 25 users.",cold
"Student here, just researching for a project.",cold
I filled this form by mistake.,warm
Not interested.,cold
"Looks interesting, can we schedule a call next week?",warm
"Please call me urgently, we want to purchase for 25 users.",hot
Please remove me from your list.,cold
Wrong number.,cold
Not interested.,cold
Wrong number.,cold
"Comparing a few options, please send a comparison sheet.",warm
Unsubscribe.,cold
Can you share more details about your features?,warm
"Student here, just researching for a project.",cold
"Not ready right now, but will buy after our budget review in October.",warm
"Interested, can you send a brochure?",warm
Can you share an invoice for the annual plan? We are ready to pay.,hot
"Student here, just researching for a project.",cold
Unsubscribe.,cold
"We are switching from our current vendor this month, need a quote now.",hot
"We might need this next quarter, please keep in touch.",warm
Just browsing.,cold
Can you share an invoice for the annual plan? We are ready to pay.,hot
"Management approved, what are the next steps to buy?",hot
Not interested.,cold
"Looks interesting, can we schedule a call next week?",warm
"We might need this next quarter, please keep in touch.",warm
"Ready to buy if price is under 500, otherwise not interested.",warm
(no message),cold
Unsubscribe.,cold
Not interested.,cold
Can you share more details about your features?,warm
(no message),cold
Not interested.,cold
"Not ready right now, but will buy after our budget review in January.",warm
(no message),cold
"We need a demo tomorrow, decision will be made by Friday.",cold
"Need pricing ASAP, we want to buy 25 licenses this week.",hot
Please remove me from your list.,cold
"Interested, can you send a brochure?",warm
"Our budget is approved, can we start onboarding on Monday?",hot
"Interested, can you send a brochure?",warm
No budget for this.,cold
What is the price range for a team of 50?,warm
Unsubscribe.,cold
What is the price range for a team of 10?,warm
Not interested.,cold
Do you have a free trial? Want to explore first.,warm
Do you have a free trial? Want to explore first.,warm
Ready to sign. Please send the contract today.,hot
Do you have a free trial? Want to explore first.,warm
"Comparing a few options, please send a comparison sheet.",warm
Can you share more details about your features?,warm
Please remove me from your list.,cold
"We need a demo tomorrow, decision will be made by Friday.",hot
Not interested.,cold
"Looks interesting, can we schedule a call next week?",warm
"Please call me urgently, we want to purchase for 200 users.",hot
What is the price range for a team of 5?,warm
No budget for this.,cold
(no message),cold
"Interested, can you send a brochure?",warm
Can you share more details about your features?,warm
We already use another tool and are happy with it.,cold
"Student here, just researching for a project.",cold
Do you have a free trial? Want to explore first.,warm
"We need a demo tomorrow, decision will be made by Friday.",hot
"Please call me urgently, we want to purchase for 200 users.",hot
"Not ready right now, but will buy after our budget review in January.",warm
We already use another tool and are happy with it.,cold
(no message),cold
"Student here, just researching for a project.",cold
We already use another tool and are happy with it.,cold
Please remove me from your list.,cold
"Comparing a few options, please send a comparison sheet.",warm
Unsubscribe.,cold
Unsubscribe.,cold
We already use another tool and are happy with it.,cold
Just browsing.,cold
Can you share more details about your features?,warm
Wrong number.,cold
Please remove me from your list.,cold
"Not ready right now, but will buy after our budget review in January.",warm
Can you share an invoice for the annual plan? We are ready to pay.,hot
I filled this form by mistake.,cold
Please remove me from your list.,cold
What is the price range for a team of 25?,warm
"Student here, just researching for a project.",cold
"Our budget is approved, can we start onboarding on Monday?",hot
We already use another tool and are happy with it.,cold
Please remove me from your list.,cold
Just browsing.,cold
"Not ready right now, but will buy after our budget review in October.",warm
"We might need this next quarter, please keep in touch.",warm
Do you have a free trial? Want to explore first.,warm
"Student here, just researching for a project.",cold
I filled this form by mistake.,cold
Please remove me from your list.,cold
No budget for this.,cold
"We might need this next quarter, please keep in touch.",warm
What is the price range for a team of 50?,warm
Unsubscribe.,cold
"Student here, just researching for a project.",cold
Not interested.,cold
Not interested.,cold
Can you share an invoice for the annual plan? We are ready to pay.,hot
Not interested.,cold
Do you have a free trial? Want to explore first.,warm
(no message),warm
No budget for this.,cold
Just browsing.,cold
We already use another tool and are happy with it.,cold
"Need pricing ASAP, we want to buy 200 licenses this week.",hot
"We are switching from our current vendor this month, need a quote now.",hot
Unsubscribe.,cold
"Looks interesting, can we schedule a call next week?",warm
"Looks interesting, can we schedule a call next week?",warm
We already use another tool and are happy with it.,cold
Just browsing.,cold
"We might need this next quarter, please keep in touch.",warm
I filled this form by mistake.,cold
Ready to sign. Please send the contract today.,hot
"Not ready right now, but will buy after our budget review in January.",warm
We already use another tool and are happy with it.,cold
I filled this form by mistake.,cold
We already use another tool and are happy with it.,cold
Not interested right now but maybe we'll buy next year.,warm
"Comparing a few options, please send a comparison sheet.",warm
"Interested, can you send a brochure?",warm
Unsubscribe.,cold
"We need a demo tomorrow, decision will be made by Friday.",hot
"Please call me urgently, we want to purchase for 50 users.",hot
Just browsing.,cold
I filled this form by mistake.,cold
Please remove me from your list.,cold
(no message),cold
"Our budget is approved, can we start onboarding on Monday?",hot
No budget for this.,hot
Can you share more details about your features?,warm
(no message),cold
Just browsing.,cold
Just browsing.,cold
Please remove me from your list.,cold
"Student here, just researching for a project.",cold
Can you share more details about your features?,warm
We already use another tool and are happy with it.,cold
I filled this form by mistake.,cold
Can you share more details about your features?,hot
"Looks interesting, can we schedule a call next week?",warm
"Looks interesting, can we schedule a call next week?",warm
Ready to sign. Please send the contract today.,hot
"Our budget is approved, can we start onboarding on Monday?",hot
I filled this form by mistake.,cold
"We might need this next quarter, please keep in touch.",warm
I filled this form by mistake.,cold
I filled this form by mistake.,cold
"We might need this next quarter, please keep in touch.",warm
Please remove me from your list.,cold
"Comparing a few options, please send a comparison sheet.",warm
Unsubscribe.,cold
Ready to sign. Please send the contract today.,hot
Do you have a free trial? Want to explore first.,warm
"Student here, just researching for a project.",cold
"Not ready right now, but will buy after our budget review in October.",warm
"Looks interesting, can we schedule a call next week?",warm
Just browsing.,cold
Can you share more details about your features?,warm
"We need a demo tomorrow, decision will be made by Friday.",hot
"Comparing a few options, please send a comparison sheet.",warm
"Interested, can you send a brochure?",warm
Not interested.,cold
"Management approved, what are the next steps to buy?",hot
I filled this form by mistake.,cold
(no message),cold
"Not ready right now, but will buy after our budget review in June.",warm
"We might need this next quarter, please keep in touch.",warm
"Interested, can you send a brochure?",warm
We already use another tool and are happy with it.,cold
Ready to sign. Please send the contract today.,hot
Please remove me from your list.,cold
We already use another tool and are happy with it.,cold
Can you share more details about your features?,warm
Just browsing.,warm
We already use another tool and are happy with it.,cold
Just browsing.,cold
"Not ready right now, but will buy after our budget review in October.",warm
Not interested.,cold
Wrong number.,cold
(no message),cold
"Comparing a few options, please send a comparison sheet.",warm
Just browsing.,cold
"Need it ASAP? No, just checking prices.",warm
"Please call me urgently, we want to purchase for 50 users.",hot
"Our budget is approved, can we start onboarding on Monday?",hot
"Interested, can you send a brochure?",warm
"Interested, can you send a brochure?",warm
"Looks interesting, can we schedule a call next week?",warm
Unsubscribe.,cold
What is the price range for a team of 50?,hot
"We might need this next quarter, please keep in touch.",warm
(no message),cold
"We might need this next quarter, please keep in touch.",warm
We already use another tool and are happy with it.,cold
Can you share more details about your features?,warm
Just browsing.,cold
Urgent: please stop calling me.,cold
(no message),cold
No budget for this.,cold
Just browsing.,cold
"We might need this next quarter, please keep in touch.",warm
"We need a demo tomorrow, decision will be made by Friday.",hot
Just browsing.,cold
Do you have a free trial? Want to explore first.,warm
Unsubscribe.,cold
We already use another tool and are happy with it.,cold
Not interested.,cold
Wrong number.,cold
"Please call me urgently, we want to purchase for 25 users.",hot
Unsubscribe.,cold
"Comparing a few options, please send a comparison sheet.",warm
Unsubscribe.,cold
Do you have a free trial? Want to explore first.,warm
(no message),cold
"Comparing a few options, please send a comparison sheet.",warm
"Not ready right now, but will buy after our budget review in January.",warm
Wrong number.,cold
Can you share more details about your features?,warm
We already use another tool and are happy with it.,cold
We already use another tool and are happy with it.,cold
Do you have a free trial? Want to explore first.,warm
"Student here, just researching for a project.",cold
"Not ready right now, but will buy after our budget review in June.",warm
"Student here, just researching for a project.",cold
"Please call me urgently, we want to purchase for 200 users.",hot
I filled this form by mistake.,cold
Not interested.,cold
"Looks interesting, can we schedule a call next week?",warm
No budget for this.,cold
Can you share an invoice for the annual plan? We are ready to pay.,hot
"Student here, just researching for a project.",cold
"We might need this next quarter, please keep in touch.",warm
(no message),cold
Wrong number.,cold
"Please call me urgently, we want to purchase for 100 users.",hot
Ready to sign. Please send the contract today.,hot
(no message),cold
We already use another tool and are happy with it.,cold
We already use another tool and are happy with it.,cold
We already use another tool and are happy with it.,cold
"Please call me urgently, we want to purchase for 25 users.",hot
"Our CEO said no, but I personally want a demo.",warm
We already use another tool and are happy with it.,cold
I filled this form by mistake.,cold
I filled this form by mistake.,cold
"Looks interesting, can we schedule a call next week?",warm
"Need pricing ASAP, we want to buy 25 licenses this week.",hot
Do you have a free trial? Want to explore first.,warm
"Comparing a few options, please send a comparison sheet.",warm
Can you share more details about your features?,warm
Unsubscribe.,cold
"Need it ASAP? No, just checking prices.",warm
Just browsing.,cold
"Need it ASAP? No, just checking prices.",warm
"Comparing a few options, please send a comparison sheet.",warm
I filled this form by mistake.,cold
We already use another tool and are happy with it.,cold
No budget for this.,cold
"Student here, just researching for a project.",cold
I filled this form by mistake.,cold
"Student here, just researching for a project.",cold
Unsubscribe.,cold
"Comparing a few options, please send a comparison sheet.",warm
"Please call me urgently, we want to purchase for 5 users.",hot
"Interested, can you send a brochure?",warm
"We might need this next quarter, please keep in touch.",warm
What is the price range for a team of 200?,warm
Ready to sign. Please send the contract today.,hot
"Comparing a few options, please send a comparison sheet.",warm
I filled this form by mistake.,cold
Do you have a free trial? Want to explore first.,warm
"Not ready right now, but will buy after our budget review in March.",warm
"We might need this next quarter, please keep in touch.",cold
Can you share more details about your features?,warm
Not interested.,cold
Wrong number.,cold
Not interested.,cold
"Comparing a few options, please send a comparison sheet.",warm
Unsubscribe.,cold
Can you share more details about your features?,warm
"We need a demo tomorrow, decision will be made by Friday.",hot
"We are switching from our current vendor this month, need a quote now.",hot
Do you have a free trial? Want to explore first.,warm
"Comparing a few options, please send a comparison sheet.",hot
"Comparing a few options, please send a comparison sheet.",warm
Just browsing.,cold
Wrong number.,cold
Can you share more details about your features?,warm
"Looks interesting, can we schedule a call next week?",warm
I filled this form by mistake.,cold
Just browsing.,cold
No budget for this.,cold
I filled this form by mistake.,cold
"Need pricing ASAP, we want to buy 100 licenses this week.",hot
Unsubscribe.,cold
Do you have a free trial? Want to explore first.,cold
We already use another tool and are happy with it.,cold
"Interested, can you send a brochure?",warm
Not interested.,cold
Do you have a free trial? Want to explore first.,warm
Please remove me from your list.,cold
"Comparing a few options, please send a comparison sheet.",warm
No budget for this.,cold
"Not ready right now, but will buy after our budget review in March.",warm
"We might need this next quarter, please keep in touch.",warm
"Student here, just researching for a project.",cold
"Student here, just researching for a project.",cold
"Not ready right now, but will buy after our budget review in June.",warm
"Need pricing ASAP, we want to buy 50 licenses this week.",hot
Wrong number.,cold
Urgent: please stop calling me.,cold
Not interested.,cold
I filled this form by mistake.,cold
"Student here, just researching for a project.",cold
Do you have a free trial? Want to explore first.,warm
Not interested.,cold
What is the price range for a team of 10?,warm
No budget for this.,cold
Do you have a free trial? Want to explore first.,warm
"Ready to buy if price is under 500, otherwise not interested.",warm
"Need it ASAP? No, just checking prices.",warm
"Our CEO said no, but I personally want a demo.",warm
"Looks interesting, can we schedule a call next week?",warm
Do you have a free trial? Want to explore first.,warm
"Interested, can you send a brochure?",warm
Wrong number.,cold
"We are switching from our current vendor this month, need a quote now.",hot
Not interested.,hot
We already use another tool and are happy with it.,cold
Wrong number.,cold
We already use another tool and are happy with it.,warm
"Not ready right now, but will buy after our budget review in October.",warm
"Please call me urgently, we want to purchase for 200 users.",hot
We already use another tool and are happy with it.,warm
Please remove me from your list.,cold
"Interested, can you send a brochure?",warm
Can you share an invoice for the annual plan? We are ready to pay.,hot
"Our CEO said no, but I personally want a demo.",warm
"Interested, can you send a brochure?",warm
Just browsing.,cold
(no message),cold
Not interested.,cold
Ready to sign. Please send the contract today.,hot
"Please call me urgently, we want to purchase for 10 users.",hot
"Not ready right now, but will buy after our budget review in June.",warm
"Student here, just researching for a project.",cold
Unsubscribe.,cold
I filled this form by mistake.,cold
I filled this form by mistake.,cold
I filled this form by mistake.,cold
Unsubscribe.,cold
(no message),cold
"Comparing a few options, please send a comparison sheet.",warm
"Comparing a few options, please send a comparison sheet.",warm
Please remove me from your list.,cold
"Interested, can you send a brochure?",warm
"We might need this next quarter, please keep in touch.",warm
Can you share an invoice for the annual plan? We are ready to pay.,hot
"We might need this next quarter, please keep in touch.",warm
No budget for this.,cold
Wrong number.,cold
Please remove me from your list.,cold
"We might need this next quarter, please keep in touch.",warm
I filled this form by mistake.,cold
Not interested right now but maybe we'll buy next year.,warm
No budget for this.,cold
"Our budget is approved, can we start onboarding on Monday?",hot
Just browsing.,cold
What is the price range for a team of 10?,warm
Do you have a free trial? Want to explore first.,warm
"Need it ASAP? No, just checking prices.",warm
"We are switching from our current vendor this month, need a quote now.",hot
No budget for this.,cold
"Not ready right now, but will buy after our budget review in October.",warm
Not interested.,cold
No budget for this.,cold
Can you share an invoice for the annual plan? We are ready to pay.,hot
Not interested.,cold
Can you share an invoice for the annual plan? We are ready to pay.,hot
No budget for this.,cold
Just browsing.,cold
Just browsing.,cold
Can you share more details about your features?,warm
"Looks interesting, can we schedule a call next week?",warm
Not interested.,cold
Do you have a free trial? Want to explore first.,warm
"Looks interesting, can we schedule a call next week?",warm
We already use another tool and are happy with it.,cold
Do you have a free trial? Want to explore first.,warm
"We might need this next quarter, please keep in touch.",warm
Wrong number.,cold
Do you have a free trial? Want to explore first.,warm
"Ready to buy if price is under 500, otherwise not interested.",warm
"Interested, can you send a brochure?",warm
"We might need this next quarter, please keep in touch.",warm
No budget for this.,cold
"Student here, just researching for a project.",cold
"Not ready right now, but will buy after our budget review in June.",warm
"Interested, can you send a brochure?",warm
I filled this form by mistake.,cold
"We might need this next quarter, please keep in touch.",warm
Not interested.,hot
Wrong number.,cold
Just browsing.,cold
Please remove me from your list.,cold
"Not ready right now, but will buy after our budget review in January.",warm
"Management approved, what are the next steps to buy?",hot
Ready to sign. Please send the contract today.,hot
Wrong number.,cold
"Comparing a few options, please send a comparison sheet.",warm
"Comparing a few options, please send a comparison sheet.",warm
"Not ready right now, but will buy after our budget review in March.",warm
No budget for this.,cold
Please remove me from your list.,cold
I filled this form by mistake.,cold
Wrong number.,cold
We already use another tool and are happy with it.,cold
Not interested right now but maybe we'll buy next year.,warm
Can you share an invoice for the annual plan? We are ready to pay.,hot
Unsubscribe.,cold
"Please call me urgently, we want to purchase for 50 users.",hot
Not interested.,cold
(no message),cold
"Not ready right now, but will buy after our budget review in January.",warm
Please remove me from your list.,cold
"Need pricing ASAP, we want to buy 200 licenses this week.",hot
Not interested.,cold
What is the price range for a team of 10?,warm
"Interested, can you send a brochure?",warm
"Student here, just researching for a project.",cold
What is the price range for a team of 200?,warm
What is the price range for a team of 10?,warm
No budget for this.,cold
Wrong number.,cold
Just browsing.,cold
I filled this form by mistake.,cold
Please remove me from your list.,cold
Not interested.,cold
"Looks interesting, can we schedule a call next week?",warm
Please remove me from your list.,cold
What is the price range for a team of 25?,warm
Please remove me from your list.,cold
"Student here, just researching for a project.",cold
What is the price range for a team of 25?,warm
Please remove me from your list.,cold
We already use another tool and are happy with it.,cold
"Interested, can you send a brochure?",warm
Please remove me from your list.,cold
What is the price range for a team of 5?,warm
We already use another tool and are happy with it.,cold
Do you have a free trial? Want to explore first.,warm
"We need a demo tomorrow, decision will be made by Friday.",hot
"Interested, can you send a brochure?",warm
"Comparing a few options, please send a comparison sheet.",warm
"Comparing a few options, please send a comparison sheet.",warm
I filled this form by mistake.,warm
What is the price range for a team of 50?,cold
"Management approved, what are the next steps to buy?",hot
"Please call me urgently, we want to purchase for 25 users.",hot
(no message),cold
"We might need this next quarter, please keep in touch.",warm
"Please call me urgently, we want to purchase for 50 users.",hot
Wrong number.,cold
